{
    "$schema": "https://schema.management.azure.com/schemas/2015-01-01/deploymentParameters.json#",
    "contentVersion": "1.0.0.0",
    "parameters": {
        "extensions_CustomScriptForLinux_commandToExecute": {
            "value": null
        },
        "namespaces_second_bus_name": {
            "value": null
        },
        "virtualMachines_blasterVM_name": {
            "value": null
        },
        "loadBalancers_cloud_vmslb_name": {
            "value": null
        },
        "autoscalesettings_scalerule_name": {
            "value": null
        },
        "virtualNetworks_cloud_vmsvnet_name": {
            "value": null
        },
        "networkInterfaces_blastervm790_name": {
            "value": null
        },
        "publicIPAddresses_blasterVM_ip_name": {
            "value": null
        },
        "publicIPAddresses_cloud_vmspip_name": {
            "value": null
        },
        "virtualNetworks_HighMarks_vnet_name": {
            "value": null
        },
        "storageAccounts_19013258542961_name": {
            "value": null
        },
        "autoscalesettings_autoscalewad_name": {
            "value": null
        },
        "autoscalesettings_cpuautoscale_name": {
            "value": null
        },
        "autoscalesettings_QueueScaling_name": {
            "value": null
        },
        "storageAccounts_highmarksdiag731_name": {
            "value": null
        },
        "virtualMachineScaleSets_cloud_vms_name": {
            "value": null
        },
        "networkSecurityGroups_blasterVM_nsg_name": {
            "value": null
        },
        "queues_queue_name": {
            "value": null
        },
        "subnets_default_name": {
            "value": null
        },
        "AuthorizationRules_test_name": {
            "value": null
        },
        "subnets_cloud_vmssubnet_name": {
            "value": null
        },
        "extensions_CustomScriptForLinux_name": {
            "value": null
        },
        "authorizationRules_all_name": {
            "value": null
        },
        "securityRules_default_allow_ssh_name": {
            "value": null
        },
        "AuthorizationRules_RootManageSharedAccessKey_name": {
            "value": null
        },
        "virtualMachines_blasterVM_id": {
            "value": null
        },
        "autoscalesettings_autoscalewad_metricResourceUri": {
            "value": null
        },
        "autoscalesettings_autoscalewad_metricResourceUri_1": {
            "value": null
        },
        "autoscalesettings_autoscalewad_targetResourceUri": {
            "value": null
        },
        "autoscalesettings_cpuautoscale_metricResourceUri": {
            "value": null
        },
        "autoscalesettings_cpuautoscale_metricResourceUri_1": {
            "value": null
        },
        "autoscalesettings_cpuautoscale_targetResourceUri": {
            "value": null
        },
        "autoscalesettings_scalerule_targetResourceUri": {
            "value": null
        },
        "loadBalancers_cloud_vmslb_id": {
            "value": null
        },
        "loadBalancers_cloud_vmslb_id_1": {
            "value": null
        }
    }
}